{
  "version": 1,
  "author": "Eng. Muhamad Kassim",
  "editor": "wokwi",
  "parts": [
    { "type": "wokwi-esp32-devkit-v1", "id": "esp", "top": -52.9, "left": -81.8, "attrs": {} },
    {
      "type": "wokwi-led",
      "id": "led1",
      "top": 92.4,
      "left": 378.2,
      "attrs": { "color": "limegreen", "flip": "" }
    },
    {
      "type": "wokwi-lcd1602",
      "id": "lcd1",
      "top": -60.8,
      "left": 120.8,
      "attrs": { "pins": "i2c" }
    },
    {
      "type": "wokwi-led",
      "id": "led2",
      "top": 150,
      "left": 378.2,
      "attrs": { "color": "red", "flip": "" }
    },
    {
      "type": "wokwi-resistor",
      "id": "r2",
      "top": 234.65,
      "left": 238.6,
      "rotate": 180,
      "attrs": { "value": "150" }
    },
    {
      "type": "wokwi-resistor",
      "id": "r4",
      "top": 225.05,
      "left": 305.8,
      "rotate": 180,
      "attrs": { "value": "150" }
    },
    {
      "type": "wokwi-relay-module",
      "id": "relay1",
      "top": -125.4,
      "left": -281.6,
      "rotate": 180,
      "attrs": {}
    },
    { "type": "wokwi-potentiometer", "id": "pot3", "top": -49.3, "left": -288.2, "attrs": {} },
    {
      "type": "wokwi-dht22",
      "id": "dht1",
      "top": -179.4,
      "left": 200.7,
      "rotate": 90,
      "attrs": { "temperature": "29", "humidity": "40.5" }
    },
    { "type": "chip-dust-sensor", "id": "chip1", "top": 125.82, "left": 129.6, "attrs": {} }
  ],
  "connections": [
    [ "esp:TX0", "$serialMonitor:RX", "", [] ],
    [ "esp:RX0", "$serialMonitor:TX", "", [] ],
    [ "lcd1:SDA", "esp:D21", "blue", [ "h-57.6", "v19.8" ] ],
    [ "lcd1:SCL", "esp:D22", "yellow", [ "h-19.2", "v-18.6" ] ],
    [ "lcd1:GND", "esp:GND.1", "black", [ "h-28.8", "v153.7" ] ],
    [ "lcd1:VCC", "esp:VIN", "red", [ "h-9.6", "v-38.3", "h-249.6", "v163.2" ] ],
    [ "led1:A", "r2:1", "green", [ "h28.8", "v105.6", "h-133.55" ] ],
    [ "led2:A", "r4:1", "green", [ "v19.2", "h-67.2" ] ],
    [ "led1:C", "led2:C", "black", [ "v0", "h-19.2", "v76.8" ] ],
    [ "esp:D19", "r4:2", "green", [ "h57.3", "v239.9" ] ],
    [ "esp:D18", "r2:2", "green", [ "h47.7", "v211.2", "h172.45" ] ],
    [ "relay1:VCC", "esp:VIN", "red", [ "h19.2", "v115.2" ] ],
    [ "relay1:GND", "esp:GND.2", "black", [ "h9.6", "v115.6" ] ],
    [ "esp:D26", "relay1:IN", "green", [ "h-48", "v-67.3" ] ],
    [ "esp:GND.2", "pot3:GND", "black", [ "h-67.2", "v-57.7", "h-96" ] ],
    [ "pot3:SIG", "esp:D33", "cyan", [ "v0" ] ],
    [ "dht1:VCC", "lcd1:VCC", "red", [ "h-57.6", "v115.2" ] ],
    [ "dht1:GND", "lcd1:GND", "black", [ "h-76.8", "v76.8" ] ],
    [ "dht1:SDA", "esp:D23", "green", [ "h-96", "v86.5" ] ],
    [ "chip1:VCC", "lcd1:VCC", "red", [ "h-19.2", "v-172.8" ] ],
    [ "chip1:GND", "lcd1:GND", "black", [ "h-38.4", "v-201.6" ] ],
    [ "chip1:VO1", "esp:D5", "green", [ "h-28.8", "v-67.2" ] ],
    [ "chip1:GND", "led2:C", "black", [ "h-38.4", "v28.8" ] ]
  ],
  "dependencies": {}
}